word,typo
the,teh
be,eb
to,ot
of,fo
and,adn
a,a
in,ni
that,htat
have,ahve
I,I
it,ti
for,fro
not,ont
on,no
with,wtih
he,eh
as,sa
you,oyu
do,od
at,ta
this,thsi
but,ubt
his,hsi
by,yb
from,form
they,htey
we,ew
say,sya
her,ehr
she,seh
or,ro
an,na
will,iwll
my,ym
one,oen
all,lal
would,wolud
there,tehre
their,theri
what,hwat
so,os
up,pu
out,uot
if,fi
about,baout
who,woh
get,gte
which,wihch
go,og
me,em
when,whne
make,amke
can,acn
like,ilke
time,tiem
no,on
just,juts
him,hmi
know,nkow
take,atke
people,peolpe
into,itno
year,eyar
your,yoru
good,ogod
some,osme
could,cuold
them,htem
see,ese
other,othre
than,htan
then,hten
now,nwo
look,loko
only,olny
come,cmoe
its,tis
over,ovre
think,thikn
also,aslo
back,bcak
after,aftre
use,sue
two,wto
how,ohw
our,oru
work,owrk
first,ifrst
well,well
way,awy
even,eevn
new,enw
want,wnat
because,becuase
any,nay
these,thsee
give,igve
day,ady
most,mots
us,su
the,hte
be,eb
to,ot
of,fo
and,nad
a,a
in,ni
that,htat
have,hvae
I,I
it,ti
for,ofr
not,ont
on,no
with,wtih
he,eh
as,sa
you,yuo
do,od
at,ta
this,htis
but,ubt
his,hsi
by,yb
from,frmo
they,htey
we,ew
say,sya
her,ehr
she,seh
or,ro
an,na
will,wlil
my,ym
one,oen
all,lal
would,wolud
there,htere
their,theri
what,hwat
so,os
up,pu
out,uot
if,fi
about,abuot
who,hwo
get,gte
which,whcih
go,og
me,em
when,whne
make,amke
can,acn
like,liek
time,itme
no,on
just,jsut
him,hmi
know,nkow
take,taek
people,poeple
into,inot
year,yera
your,oyur
good,good
some,soem
could,coudl
them,thme
see,ese
other,othre
than,htan
then,hten
now,onw
look,look
only,noly
come,ocme
its,tis
over,oevr
think,thikn
also,aslo
back,abck
after,atfer
use,sue
two,wto
how,ohw
our,oru
work,wokr
first,ifrst
well,well
way,awy
even,veen
new,enw
want,watn
because,bceause
any,ayn
these,htese
give,gvie
day,dya
most,mots
us,su
the,teh
be,eb
to,ot
of,fo
and,nad
a,a
in,ni
that,htat
have,haev
I,I
it,ti
for,ofr
not,nto
on,no
with,iwth
he,eh
as,sa
you,oyu
do,od
at,ta
this,thsi
but,ubt
his,ihs
by,yb
from,form
they,htey
we,ew
say,sya
her,ehr
she,hse
or,ro
an,na
will,iwll
my,ym
one,noe
all,lal
would,wolud
there,three
their,theri
what,waht
so,os
up,pu
out,uot
if,fi
about,abotu
who,hwo
get,egt
which,hwich
go,og
me,em
when,whne
make,maek
can,cna
like,liek
time,itme
no,on
just,jsut
him,hmi
know,nkow
take,taek
people,peolpe
into,nito
year,eyar
your,yoru
good,ogod
some,osme
could,coudl
them,htem
see,see
other,otehr
than,thna
then,thne
now,nwo
look,olok
only,noly
come,coem
its,ist
over,oevr
think,tihnk
also,aslo
back,bcak
after,atfer
use,sue
two,tow
how,ohw
our,oru
work,owrk
first,ifrst
well,well
way,awy
even,evne
new,enw
want,wnat
because,becuase
any,ayn
these,thees
give,gvie
day,dya
most,omst
us,su
the,teh
be,eb
to,ot
of,fo
and,nad
a,a
in,ni
that,taht
have,hvae
I,I
it,ti
for,ofr
not,nto
on,no
with,wtih
he,eh
as,sa
you,oyu
do,od
at,ta
this,tihs
but,ubt
his,hsi
by,yb
from,rfom
they,thye
we,ew
say,sya
her,hre
she,hse
or,ro
an,na
will,iwll
my,ym
one,noe
all,all
would,wolud
there,theer
their,thier
what,waht
so,os
up,pu
out,uot
if,fi
about,abuot
who,hwo
get,gte
which,whcih
go,og
me,em
when,wehn
make,maek
can,cna
like,ilke
time,tiem
no,on
just,ujst
him,hmi
know,konw
take,atke
people,pepole
into,nito
year,yaer
your,yuor
good,godo
some,osme
could,coudl
them,htem
see,ese
other,otehr
than,thna
then,hten
now,onw
look,loko
only,olny
come,cmoe
its,ist
over,oevr
think,tihnk
also,laso
back,abck
after,atfer
use,sue
two,tow
how,ohw
our,uor
work,owrk
first,frist
well,wlel
way,awy
even,evne
new,enw
want,awnt
because,beacuse
any,ayn
these,thees
give,gvie
day,ady
most,mots
us,su
the,teh
be,eb
to,ot
of,fo
and,nad
a,a
in,ni
that,htat
have,ahve
I,I
it,ti
for,fro
not,ont
on,no
with,iwth
he,eh
as,sa
you,oyu
do,od
at,ta
this,tihs
but,ubt
his,hsi
by,yb
from,rfom
they,htey
we,ew
say,asy
her,ehr
she,seh
or,ro
an,na
will,will
my,ym
one,oen
all,lal
would,woudl
there,tehre
their,thier
what,hwat
so,os
up,pu
out,uot
if,fi
about,aobut
who,hwo
get,egt
which,whihc
go,og
me,em
when,wehn
make,amke
can,acn
like,liek
time,tmie
no,on
just,juts
him,hmi
know,nkow
take,taek
people,epople
into,inot
year,yaer
your,yoru
good,ogod
some,smoe
could,oculd
them,tehm
see,ese
other,otehr
than,tahn
then,thne
now,onw
look,loko
only,olny
come,cmoe
its,ist
over,voer
think,htink
also,laso
back,abck
after,afetr
use,sue
two,tow
how,hwo
our,uor
work,owrk
first,firts
well,wlel
way,awy
even,veen
new,nwe
want,watn
because,becaues
any,nay
these,htese
give,igve
day,ady
most,omst
us,su
the,teh
be,eb
to,ot
of,fo
and,adn
a,a
in,ni
that,htat
have,hvae
I,I
it,ti
for,fro
not,ont
on,no
with,iwth
he,eh
as,sa
you,oyu
do,od
at,ta
this,htis
but,btu
his,hsi
by,yb
from,form
they,tehy
we,ew
say,sya
her,hre
she,hse
or,ro
an,na
will,will
my,ym
one,noe
all,lal
would,wolud
there,theer
their,theri
what,whta
so,os
up,pu
out,uot
if,fi
about,abuot
who,woh
get,gte
which,wihch
go,og
me,em
when,wehn
make,maek
can,cna
like,lkie
time,itme
no,on
just,juts
him,hmi
know,konw
take,taek
people,pepole
into,nito
year,yera
your,yoru
good,good
some,soem
could,colud
them,htem
see,ese
other,otehr
than,htan
then,tehn
now,onw
look,look
only,onyl
come,cmoe
its,ist
over,voer
think,thnik
also,aslo
back,bakc
after,afetr
use,sue
two,tow
how,ohw
our,uor
work,owrk
first,ifrst
well,well
way,wya
even,evne
new,enw
want,wnat
because,becasue
any,nay
these,tehse
give,gvie
day,ady
most,msot
us,su
the,teh
be,eb
to,ot
of,fo
and,adn
a,a
in,ni
that,htat
have,ahve
I,I
it,ti
for,ofr
not,nto
on,no
with,iwth
he,eh
as,sa
you,oyu
do,od
at,ta
this,htis
but,ubt
his,ihs
by,yb
from,frmo
they,htey
we,ew
say,asy
her,ehr
she,seh
or,ro
an,na
will,wlil
my,ym
one,oen
all,lal
would,wuold
there,tehre
their,theri
what,waht
so,os
up,pu
out,uot
if,fi
about,abotu
who,woh
get,gte
which,whcih
go,og
me,em
when,wehn
make,mkae
can,cna
like,liek
time,itme
no,on
just,jsut
him,ihm
know,konw
take,taek
people,epople
into,nito
year,yaer
your,yoru
good,good
some,osme
could,cuold
them,htem
see,see
other,toher
than,thna
then,tehn
now,nwo
look,olok
only,olny
come,coem
its,tis
over,oevr
think,thnik
also,alos
back,bakc
after,aftre
use,sue
two,wto
how,hwo
our,oru
work,owrk
first,fisrt
well,ewll
way,wya
even,eevn
new,enw
want,watn
because,ebcause
any,nay
these,thees
give,giev
day,dya
most,mots
us,su
the,teh
be,eb
to,ot
of,fo
and,adn
a,a
in,ni
that,taht
have,haev
I,I
it,ti
for,fro
not,nto
on,no
with,wtih
he,eh
as,sa
you,oyu
do,od
at,ta
this,htis
but,btu
his,ihs
by,yb
from,form
they,thye
we,ew
say,sya
her,ehr
she,seh
or,ro
an,na
will,wlil
my,ym
one,noe
all,all
would,woudl
there,htere
their,theri
what,whta
so,os
up,pu
out,otu
if,fi
about,aobut
who,hwo
get,gte
which,whcih
go,og
me,em
when,hwen
make,mkae
can,cna
like,ilke
time,tiem
no,on
just,ujst
him,hmi
know,konw
take,atke
people,peopel
into,itno
year,yera
your,yuor
good,good
some,smoe
could,cuold
them,thme
see,ese
other,toher
than,htan
then,thne
now,onw
look,look
only,olny
come,cmoe
its,tis
over,ovre
think,htink
also,laso
back,bakc
after,afetr
use,sue
two,wto
how,ohw
our,uor
work,owrk
first,firts
well,ewll
way,awy
even,eevn
new,enw
want,wnat
because,becasue
any,nay
these,htese
give,giev
day,ady
most,msot
us,su
the,hte
be,eb
to,ot
of,fo
and,adn
a,a
in,ni
that,htat
have,haev
I,I
it,ti
for,ofr
not,ont
on,no
with,iwth
he,eh
as,sa
you,yuo
do,od
at,ta
this,htis
but,ubt
his,hsi
by,yb
from,form
they,htey
we,ew
say,asy
her,ehr
she,seh
or,ro
an,na
will,iwll
my,ym
one,noe
all,lal
would,wuold
there,htere
their,thier
what,waht
so,os
up,pu
out,uot
if,fi
about,aobut
who,hwo
get,gte
which,whihc
go,og
me,em
when,wehn
make,maek
can,acn
like,liek
time,itme
no,on
just,jsut
him,ihm
know,konw
take,atke
people,peolpe
into,itno
year,yera
your,yuor
good,ogod
some,smoe
could,coudl
them,thme
see,ese
other,toher
than,thna
then,thne
now,nwo
look,olok
only,noly
come,ocme
its,ist
over,ovre
think,thnik
also,aslo
back,bakc
after,aftre
use,ues
two,tow
how,hwo
our,oru
work,wokr
first,ifrst
well,wlel
way,wya
even,eevn
new,enw
want,awnt
because,becasue
any,ayn
these,thsee
give,giev
day,dya
most,mots
us,su
the,hte
be,eb
to,ot
of,fo
and,nad
a,a
in,ni
that,htat
have,ahve
I,I
it,ti
for,fro
not,nto
on,no
with,iwth
he,eh
as,sa
you,yuo
do,od
at,ta
this,thsi
but,btu
his,hsi
by,yb
from,frmo
they,htey
we,ew
say,asy
her,ehr
she,hse
or,ro
an,na
will,iwll
my,ym
one,noe
all,all
would,woudl
there,theer
their,tehir
what,waht
so,os
up,pu
out,otu
if,fi
about,baout
who,hwo
get,gte
which,hwich
go,og
me,em
when,hwen
make,amke
can,acn
like,liek
time,tmie
no,on
just,jsut
him,ihm
know,konw
take,tkae
people,pepole
into,inot
year,yaer
your,yuor
good,ogod
some,osme
could,cuold
them,thme
see,ese
other,toher
than,tahn
then,hten
now,onw
look,loko
only,olny
come,cmoe
its,ist
over,ovre
think,thnik
also,laso
back,bcak
after,fater
use,sue
two,tow
how,ohw
our,uor
work,wrok
first,fisrt
well,ewll
way,awy
even,veen
new,nwe
want,awnt
because,bceause
any,nay
these,htese
give,igve
day,ady
most,mots
us,su
